[{"Month": "1997-01", "Price": 3.45},{"Month": "1997-02", "Price": 2.15},{"Month": "1997-03", "Price": 1.89},{"Month": "1997-04", "Price": 2.03},{"Month": "1997-05", "Price": 2.25},{"Month": "1997-06", "Price": 2.2},{"Month": "1997-07", "Price": 2.19},{"Month": "1997-08", "Price": 2.49},{"Month": "1997-09", "Price": 2.88},{"Month": "1997-10", "Price": 3.07},{"Month": "1997-11", "Price": 3.01},{"Month": "1997-12", "Price": 2.35},{"Month": "1998-01", "Price": 2.09},{"Month": "1998-02", "Price": 2.23},{"Month": "1998-03", "Price": 2.24},{"Month": "1998-04", "Price": 2.43},{"Month": "1998-05", "Price": 2.14},{"Month": "1998-06", "Price": 2.17},{"Month": "1998-07", "Price": 2.17},{"Month": "1998-08", "Price": 1.85},{"Month": "1998-09", "Price": 2.02},{"Month": "1998-10", "Price": 1.91},{"Month": "1998-11", "Price": 2.12},{"Month": "1998-12", "Price": 1.72},{"Month": "1999-01", "Price": 1.85},{"Month": "1999-02", "Price": 1.77},{"Month": "1999-03", "Price": 1.79},{"Month": "1999-04", "Price": 2.15},{"Month": "1999-05", "Price": 2.26},{"Month": "1999-06", "Price": 2.3},{"Month": "1999-07", "Price": 2.31},{"Month": "1999-08", "Price": 2.8},{"Month": "1999-09", "Price": 2.55},{"Month": "1999-10", "Price": 2.73},{"Month": "1999-11", "Price": 2.37},{"Month": "1999-12", "Price": 2.36},{"Month": "2000-01", "Price": 2.42},{"Month": "2000-02", "Price": 2.66},{"Month": "2000-03", "Price": 2.79},{"Month": "2000-04", "Price": 3.04},{"Month": "2000-05", "Price": 3.59},{"Month": "2000-06", "Price": 4.29},{"Month": "2000-07", "Price": 3.99},{"Month": "2000-08", "Price": 4.43},{"Month": "2000-09", "Price": 5.06},{"Month": "2000-10", "Price": 5.02},{"Month": "2000-11", "Price": 5.52},{"Month": "2000-12", "Price": 8.9},{"Month": "2001-01", "Price": 8.17},{"Month": "2001-02", "Price": 5.61},{"Month": "2001-03", "Price": 5.23},{"Month": "2001-04", "Price": 5.19},{"Month": "2001-05", "Price": 4.19},{"Month": "2001-06", "Price": 3.72},{"Month": "2001-07", "Price": 3.11},{"Month": "2001-08", "Price": 2.97},{"Month": "2001-09", "Price": 2.19},{"Month": "2001-10", "Price": 2.46},{"Month": "2001-11", "Price": 2.34},{"Month": "2001-12", "Price": 2.3},{"Month": "2002-01", "Price": 2.32},{"Month": "2002-02", "Price": 2.32},{"Month": "2002-03", "Price": 3.03},{"Month": "2002-04", "Price": 3.43},{"Month": "2002-05", "Price": 3.5},{"Month": "2002-06", "Price": 3.26},{"Month": "2002-07", "Price": 2.99},{"Month": "2002-08", "Price": 3.09},{"Month": "2002-09", "Price": 3.55},{"Month": "2002-10", "Price": 4.13},{"Month": "2002-11", "Price": 4.04},{"Month": "2002-12", "Price": 4.74},{"Month": "2003-01", "Price": 5.43},{"Month": "2003-02", "Price": 7.71},{"Month": "2003-03", "Price": 5.93},{"Month": "2003-04", "Price": 5.26},{"Month": "2003-05", "Price": 5.81},{"Month": "2003-06", "Price": 5.82},{"Month": "2003-07", "Price": 5.03},{"Month": "2003-08", "Price": 4.99},{"Month": "2003-09", "Price": 4.62},{"Month": "2003-10", "Price": 4.63},{"Month": "2003-11", "Price": 4.47},{"Month": "2003-12", "Price": 6.13},{"Month": "2004-01", "Price": 6.14},{"Month": "2004-02", "Price": 5.37},{"Month": "2004-03", "Price": 5.39},{"Month": "2004-04", "Price": 5.71},{"Month": "2004-05", "Price": 6.33},{"Month": "2004-06", "Price": 6.27},{"Month": "2004-07", "Price": 5.93},{"Month": "2004-08", "Price": 5.41},{"Month": "2004-09", "Price": 5.15},{"Month": "2004-10", "Price": 6.35},{"Month": "2004-11", "Price": 6.17},{"Month": "2004-12", "Price": 6.58},{"Month": "2005-01", "Price": 6.15},{"Month": "2005-02", "Price": 6.14},{"Month": "2005-03", "Price": 6.96},{"Month": "2005-04", "Price": 7.16},{"Month": "2005-05", "Price": 6.47},{"Month": "2005-06", "Price": 7.18},{"Month": "2005-07", "Price": 7.63},{"Month": "2005-08", "Price": 9.53},{"Month": "2005-09", "Price": 11.75},{"Month": "2005-10", "Price": 13.42},{"Month": "2005-11", "Price": 10.3},{"Month": "2005-12", "Price": 13.05},{"Month": "2006-01", "Price": 8.69},{"Month": "2006-02", "Price": 7.54},{"Month": "2006-03", "Price": 6.89},{"Month": "2006-04", "Price": 7.16},{"Month": "2006-05", "Price": 6.25},{"Month": "2006-06", "Price": 6.21},{"Month": "2006-07", "Price": 6.17},{"Month": "2006-08", "Price": 7.14},{"Month": "2006-09", "Price": 4.9},{"Month": "2006-10", "Price": 5.85},{"Month": "2006-11", "Price": 7.41},{"Month": "2006-12", "Price": 6.73},{"Month": "2007-01", "Price": 6.55},{"Month": "2007-02", "Price": 8.0},{"Month": "2007-03", "Price": 7.11},{"Month": "2007-04", "Price": 7.6},{"Month": "2007-05", "Price": 7.64},{"Month": "2007-06", "Price": 7.35},{"Month": "2007-07", "Price": 6.22},{"Month": "2007-08", "Price": 6.22},{"Month": "2007-09", "Price": 6.08},{"Month": "2007-10", "Price": 6.74},{"Month": "2007-11", "Price": 7.1},{"Month": "2007-12", "Price": 7.11},{"Month": "2008-01", "Price": 7.99},{"Month": "2008-02", "Price": 8.54},{"Month": "2008-03", "Price": 9.41},{"Month": "2008-04", "Price": 10.18},{"Month": "2008-05", "Price": 11.27},{"Month": "2008-06", "Price": 12.69},{"Month": "2008-07", "Price": 11.09},{"Month": "2008-08", "Price": 8.26},{"Month": "2008-09", "Price": 7.67},{"Month": "2008-10", "Price": 6.74},{"Month": "2008-11", "Price": 6.68},{"Month": "2008-12", "Price": 5.82},{"Month": "2009-01", "Price": 5.24},{"Month": "2009-02", "Price": 4.52},{"Month": "2009-03", "Price": 3.96},{"Month": "2009-04", "Price": 3.5},{"Month": "2009-05", "Price": 3.83},{"Month": "2009-06", "Price": 3.8},{"Month": "2009-07", "Price": 3.38},{"Month": "2009-08", "Price": 3.14},{"Month": "2009-09", "Price": 2.99},{"Month": "2009-10", "Price": 4.01},{"Month": "2009-11", "Price": 3.66},{"Month": "2009-12", "Price": 5.35},{"Month": "2010-01", "Price": 5.83},{"Month": "2010-02", "Price": 5.32},{"Month": "2010-03", "Price": 4.29},{"Month": "2010-04", "Price": 4.03},{"Month": "2010-05", "Price": 4.14},{"Month": "2010-06", "Price": 4.8},{"Month": "2010-07", "Price": 4.63},{"Month": "2010-08", "Price": 4.32},{"Month": "2010-09", "Price": 3.89},{"Month": "2010-10", "Price": 3.43},{"Month": "2010-11", "Price": 3.71},{"Month": "2010-12", "Price": 4.25},{"Month": "2011-01", "Price": 4.49},{"Month": "2011-02", "Price": 4.09},{"Month": "2011-03", "Price": 3.97},{"Month": "2011-04", "Price": 4.24},{"Month": "2011-05", "Price": 4.31},{"Month": "2011-06", "Price": 4.54},{"Month": "2011-07", "Price": 4.42},{"Month": "2011-08", "Price": 4.06},{"Month": "2011-09", "Price": 3.9},{"Month": "2011-10", "Price": 3.57},{"Month": "2011-11", "Price": 3.24},{"Month": "2011-12", "Price": 3.17},{"Month": "2012-01", "Price": 2.67},{"Month": "2012-02", "Price": 2.51},{"Month": "2012-03", "Price": 2.17},{"Month": "2012-04", "Price": 1.95},{"Month": "2012-05", "Price": 2.43},{"Month": "2012-06", "Price": 2.46},{"Month": "2012-07", "Price": 2.95},{"Month": "2012-08", "Price": 2.84},{"Month": "2012-09", "Price": 2.85},{"Month": "2012-10", "Price": 3.32},{"Month": "2012-11", "Price": 3.54},{"Month": "2012-12", "Price": 3.34},{"Month": "2013-01", "Price": 3.33},{"Month": "2013-02", "Price": 3.33},{"Month": "2013-03", "Price": 3.81},{"Month": "2013-04", "Price": 4.17},{"Month": "2013-05", "Price": 4.04},{"Month": "2013-06", "Price": 3.83},{"Month": "2013-07", "Price": 3.62},{"Month": "2013-08", "Price": 3.43},{"Month": "2013-09", "Price": 3.62},{"Month": "2013-10", "Price": 3.68},{"Month": "2013-11", "Price": 3.64},{"Month": "2013-12", "Price": 4.24},{"Month": "2014-01", "Price": 4.71},{"Month": "2014-02", "Price": 6.0},{"Month": "2014-03", "Price": 4.9},{"Month": "2014-04", "Price": 4.66},{"Month": "2014-05", "Price": 4.58},{"Month": "2014-06", "Price": 4.59},{"Month": "2014-07", "Price": 4.05},{"Month": "2014-08", "Price": 3.91},{"Month": "2014-09", "Price": 3.92},{"Month": "2014-10", "Price": 3.78},{"Month": "2014-11", "Price": 4.12},{"Month": "2014-12", "Price": 3.48},{"Month": "2015-01", "Price": 2.99},{"Month": "2015-02", "Price": 2.87},{"Month": "2015-03", "Price": 2.83},{"Month": "2015-04", "Price": 2.61},{"Month": "2015-05", "Price": 2.85},{"Month": "2015-06", "Price": 2.78},{"Month": "2015-07", "Price": 2.84},{"Month": "2015-08", "Price": 2.77},{"Month": "2015-09", "Price": 2.66},{"Month": "2015-10", "Price": 2.34},{"Month": "2015-11", "Price": 2.09},{"Month": "2015-12", "Price": 1.93},{"Month": "2016-01", "Price": 2.28},{"Month": "2016-02", "Price": 1.99},{"Month": "2016-03", "Price": 1.73},{"Month": "2016-04", "Price": 1.92},{"Month": "2016-05", "Price": 1.92},{"Month": "2016-06", "Price": 2.59},{"Month": "2016-07", "Price": 2.82},{"Month": "2016-08", "Price": 2.82},{"Month": "2016-09", "Price": 2.99},{"Month": "2016-10", "Price": 2.98},{"Month": "2016-11", "Price": 2.55},{"Month": "2016-12", "Price": 3.59},{"Month": "2017-01", "Price": 3.3},{"Month": "2017-02", "Price": 2.85},{"Month": "2017-03", "Price": 2.88},{"Month": "2017-04", "Price": 3.1},{"Month": "2017-05", "Price": 3.15},{"Month": "2017-06", "Price": 2.98},{"Month": "2017-07", "Price": 2.98},{"Month": "2017-08", "Price": 2.9},{"Month": "2017-09", "Price": 2.98},{"Month": "2017-10", "Price": 2.88},{"Month": "2017-11", "Price": 3.01},{"Month": "2017-12", "Price": 2.82},{"Month": "2018-01", "Price": 3.87},{"Month": "2018-02", "Price": 2.67},{"Month": "2018-03", "Price": 2.69},{"Month": "2018-04", "Price": 2.8},{"Month": "2018-05", "Price": 2.8},{"Month": "2018-06", "Price": 2.97},{"Month": "2018-07", "Price": 2.83},{"Month": "2018-08", "Price": 2.96},{"Month": "2018-09", "Price": 3.0},{"Month": "2018-10", "Price": 3.28},{"Month": "2018-11", "Price": 4.09},{"Month": "2018-12", "Price": 4.04},{"Month": "2019-01", "Price": 3.11},{"Month": "2019-02", "Price": 2.69},{"Month": "2019-03", "Price": 2.95},{"Month": "2019-04", "Price": 2.65},{"Month": "2019-05", "Price": 2.64},{"Month": "2019-06", "Price": 2.4},{"Month": "2019-07", "Price": 2.37},{"Month": "2019-08", "Price": 2.22},{"Month": "2019-09", "Price": 2.56},{"Month": "2019-10", "Price": 2.33},{"Month": "2019-11", "Price": 2.65},{"Month": "2019-12", "Price": 2.22},{"Month": "2020-01", "Price": 2.02},{"Month": "2020-02", "Price": 1.91},{"Month": "2020-03", "Price": 1.79},{"Month": "2020-04", "Price": 1.74},{"Month": "2020-05", "Price": 1.75},{"Month": "2020-06", "Price": 1.63},{"Month": "2020-07", "Price": 1.77},{"Month": "2020-08", "Price": 2.3}]